INSERT INTO `familyinfo` VALUES (1,'Dhruv',NULL,'Surat','2080-03-04','Surat','m'),(2,'Krushn','1994-07-08','Bharuch','2080-03-04','Bharuch','m'),(3,'a',NULL,NULL,NULL,NULL,NULL),(4,'b','1997-00-00',NULL,NULL,NULL,NULL),(5,'c',NULL,NULL,NULL,NULL,NULL),(6,'d',NULL,NULL,NULL,NULL,NULL),(7,'e',NULL,NULL,NULL,NULL,NULL),(8,'f',NULL,NULL,NULL,NULL,NULL),(9,'g',NULL,NULL,NULL,NULL,NULL),(10,'h',NULL,NULL,NULL,NULL,NULL),(11,'i',NULL,NULL,NULL,NULL,NULL),(12,'j',NULL,NULL,NULL,NULL,NULL),(13,'k',NULL,NULL,NULL,NULL,NULL),(14,'l',NULL,NULL,NULL,NULL,NULL),(15,'m',NULL,NULL,NULL,NULL,NULL),(16,'n',NULL,NULL,NULL,NULL,NULL),(17,'o',NULL,NULL,NULL,NULL,NULL);

INSERT INTO `occupationinfo` VALUES (1,'engineer '),(2,'manager '),(3,'o1 ');

INSERT INTO `noterefinfo` VALUES (1,'reference1',0),(1,'note1',1),(1,'reference2',0),(2,'ref1',0),(2,'note2',1);

INSERT INTO `partneringinfo` VALUES (1,'2','2');

INSERT INTO `childinfo` VALUES (4,'1'),(4,'2'),(4,'3'),(7,'5'),(7,'6'),(9,'7'),(9,'8'),(10,'4'),(10,'9'),(12,'11'),(13,'9'),(13,'12'),(16,'15'),(17,'15'),(15,'10'),(14,'10');

INSERT INTO `mediainfo` VALUES ('abc1.jpg','2021-11-30','l1'),('ebc2.jpg','2021-12-01','l2'),('fbc3.jpg',NULL,'l3'),('nbc4.jpg','2020-01-30','l2, Halifax, Canada'),('gbc5.jpg','2019-09-24','l5'),('obc6.jpg','2019-03-09','l2'),('obc7.jpg','2018-11-10','l7'),('qbc8.jpg','2019-09-24','l2'),('sbc9.jpg','2017-04-07','l1');

INSERT INTO `peoplemediainfo` VALUES ('abc1.jpg',1),('abc1.jpg',2),('ebc2.jpg',3),('ebc2.jpg',2),('ebc2.jpg',1),('ebc2.jpg',4),('nbc4.jpg',5),('nbc4.jpg',3),('sbc9.jpg',1),('sbc9.jpg',2),('qbc8.jpg',11),('qbc8.jpg',14),('qbc8.jpg',15),('fbc3.jpg',10);

INSERT INTO `tagmediainfo` VALUES ('abc1.jpg','t1'),('ebc2.jpg','t2'),('fbc3.jpg','t3'),('nbc4.jpg','t4'),('gbc5.jpg','t5'),('obc6.jpg','t6'),('obc7.jpg','t3'),('qbc8.jpg','t8'),('sbc9.jpg','t3');

